<application>
  <component name="ProjectJdkTable">
    <jdk version="2">
      <name value="1.8" />
      <type value="JavaSDK" />
      <version value="java version &quot;1.8.0_152&quot;" />
      <homePath value="/Library/Java/JavaVirtualMachines/jdk1.8.0_152.jdk/Contents/Home" />
      <roots>
        <annotationsPath>
          <root type="composite">
            <root url="jar://$APPLICATION_HOME_DIR$/lib/jdkAnnotations.jar!/" type="simple" />
          </root>
        </annotationsPath>
        <classPath>
          <root type="composite">
            <root url="jar:///Library/Java/JavaVirtualMachines/jdk1.8.0_152.jdk/Contents/Home/jre/lib/charsets.jar!/" type="simple" />
            <root url="jar:///Library/Java/JavaVirtualMachines/jdk1.8.0_152.jdk/Contents/Home/jre/lib/deploy.jar!/" type="simple" />
            <root url="jar:///Library/Java/JavaVirtualMachines/jdk1.8.0_152.jdk/Contents/Home/jre/lib/ext/cldrdata.jar!/" type="simple" />
            <root url="jar:///Library/Java/JavaVirtualMachines/jdk1.8.0_152.jdk/Contents/Home/jre/lib/ext/dnsns.jar!/" type="simple" />
            <root url="jar:///Library/Java/JavaVirtualMachines/jdk1.8.0_152.jdk/Contents/Home/jre/lib/ext/jaccess.jar!/" type="simple" />
            <root url="jar:///Library/Java/JavaVirtualMachines/jdk1.8.0_152.jdk/Contents/Home/jre/lib/ext/jfxrt.jar!/" type="simple" />
            <root url="jar:///Library/Java/JavaVirtualMachines/jdk1.8.0_152.jdk/Contents/Home/jre/lib/ext/localedata.jar!/" type="simple" />
            <root url="jar:///Library/Java/JavaVirtualMachines/jdk1.8.0_152.jdk/Contents/Home/jre/lib/ext/nashorn.jar!/" type="simple" />
            <root url="jar:///Library/Java/JavaVirtualMachines/jdk1.8.0_152.jdk/Contents/Home/jre/lib/ext/sunec.jar!/" type="simple" />
            <root url="jar:///Library/Java/JavaVirtualMachines/jdk1.8.0_152.jdk/Contents/Home/jre/lib/ext/sunjce_provider.jar!/" type="simple" />
            <root url="jar:///Library/Java/JavaVirtualMachines/jdk1.8.0_152.jdk/Contents/Home/jre/lib/ext/sunpkcs11.jar!/" type="simple" />
            <root url="jar:///Library/Java/JavaVirtualMachines/jdk1.8.0_152.jdk/Contents/Home/jre/lib/ext/zipfs.jar!/" type="simple" />
            <root url="jar:///Library/Java/JavaVirtualMachines/jdk1.8.0_152.jdk/Contents/Home/jre/lib/javaws.jar!/" type="simple" />
            <root url="jar:///Library/Java/JavaVirtualMachines/jdk1.8.0_152.jdk/Contents/Home/jre/lib/jce.jar!/" type="simple" />
            <root url="jar:///Library/Java/JavaVirtualMachines/jdk1.8.0_152.jdk/Contents/Home/jre/lib/jfr.jar!/" type="simple" />
            <root url="jar:///Library/Java/JavaVirtualMachines/jdk1.8.0_152.jdk/Contents/Home/jre/lib/jfxswt.jar!/" type="simple" />
            <root url="jar:///Library/Java/JavaVirtualMachines/jdk1.8.0_152.jdk/Contents/Home/jre/lib/jsse.jar!/" type="simple" />
            <root url="jar:///Library/Java/JavaVirtualMachines/jdk1.8.0_152.jdk/Contents/Home/jre/lib/management-agent.jar!/" type="simple" />
            <root url="jar:///Library/Java/JavaVirtualMachines/jdk1.8.0_152.jdk/Contents/Home/jre/lib/plugin.jar!/" type="simple" />
            <root url="jar:///Library/Java/JavaVirtualMachines/jdk1.8.0_152.jdk/Contents/Home/jre/lib/resources.jar!/" type="simple" />
            <root url="jar:///Library/Java/JavaVirtualMachines/jdk1.8.0_152.jdk/Contents/Home/jre/lib/rt.jar!/" type="simple" />
            <root url="jar:///Library/Java/JavaVirtualMachines/jdk1.8.0_152.jdk/Contents/Home/lib/ant-javafx.jar!/" type="simple" />
            <root url="jar:///Library/Java/JavaVirtualMachines/jdk1.8.0_152.jdk/Contents/Home/lib/dt.jar!/" type="simple" />
            <root url="jar:///Library/Java/JavaVirtualMachines/jdk1.8.0_152.jdk/Contents/Home/lib/javafx-mx.jar!/" type="simple" />
            <root url="jar:///Library/Java/JavaVirtualMachines/jdk1.8.0_152.jdk/Contents/Home/lib/jconsole.jar!/" type="simple" />
            <root url="jar:///Library/Java/JavaVirtualMachines/jdk1.8.0_152.jdk/Contents/Home/lib/packager.jar!/" type="simple" />
            <root url="jar:///Library/Java/JavaVirtualMachines/jdk1.8.0_152.jdk/Contents/Home/lib/sa-jdi.jar!/" type="simple" />
            <root url="jar:///Library/Java/JavaVirtualMachines/jdk1.8.0_152.jdk/Contents/Home/lib/tools.jar!/" type="simple" />
          </root>
        </classPath>
        <javadocPath>
          <root type="composite" />
        </javadocPath>
        <sourcePath>
          <root type="composite">
            <root url="jar:///Library/Java/JavaVirtualMachines/jdk1.8.0_152.jdk/Contents/Home/src.zip!/" type="simple" />
            <root url="jar:///Library/Java/JavaVirtualMachines/jdk1.8.0_152.jdk/Contents/Home/javafx-src.zip!/" type="simple" />
          </root>
        </sourcePath>
      </roots>
      <additional />
    </jdk>
    <jdk version="2">
      <name value="Erlang for Elixir 20" />
      <type value="Erlang SDK for Elixir SDK" />
      <version value="20" />
      <homePath value="/usr/local/Cellar/erlang/20.2.2/lib/erlang" />
      <roots>
        <annotationsPath>
          <root type="composite" />
        </annotationsPath>
        <classPath>
          <root type="composite">
            <root url="file:///usr/local/Cellar/erlang/20.2.2/lib/erlang/lib/cosTransactions-1.3.3/ebin" type="simple" />
            <root url="file:///usr/local/Cellar/erlang/20.2.2/lib/erlang/lib/wx-1.8.3/ebin" type="simple" />
            <root url="file:///usr/local/Cellar/erlang/20.2.2/lib/erlang/lib/cosEventDomain-1.2.2/ebin" type="simple" />
            <root url="file:///usr/local/Cellar/erlang/20.2.2/lib/erlang/lib/kernel-5.4.1/ebin" type="simple" />
            <root url="file:///usr/local/Cellar/erlang/20.2.2/lib/erlang/lib/et-1.6.1/ebin" type="simple" />
            <root url="file:///usr/local/Cellar/erlang/20.2.2/lib/erlang/lib/cosNotification-1.2.3/ebin" type="simple" />
            <root url="file:///usr/local/Cellar/erlang/20.2.2/lib/erlang/lib/hipe-3.17/ebin" type="simple" />
            <root url="file:///usr/local/Cellar/erlang/20.2.2/lib/erlang/lib/otp_mibs-1.1.2/ebin" type="simple" />
            <root url="file:///usr/local/Cellar/erlang/20.2.2/lib/erlang/lib/runtime_tools-1.12.3/ebin" type="simple" />
            <root url="file:///usr/local/Cellar/erlang/20.2.2/lib/erlang/lib/parsetools-2.1.6/ebin" type="simple" />
            <root url="file:///usr/local/Cellar/erlang/20.2.2/lib/erlang/lib/sasl-3.1.1/ebin" type="simple" />
            <root url="file:///usr/local/Cellar/erlang/20.2.2/lib/erlang/lib/eldap-1.2.3/ebin" type="simple" />
            <root url="file:///usr/local/Cellar/erlang/20.2.2/lib/erlang/lib/dialyzer-3.2.3/ebin" type="simple" />
            <root url="file:///usr/local/Cellar/erlang/20.2.2/lib/erlang/lib/diameter-2.1.3/ebin" type="simple" />
            <root url="file:///usr/local/Cellar/erlang/20.2.2/lib/erlang/lib/cosFileTransfer-1.2.2/ebin" type="simple" />
            <root url="file:///usr/local/Cellar/erlang/20.2.2/lib/erlang/lib/ssl-8.2.3/ebin" type="simple" />
            <root url="file:///usr/local/Cellar/erlang/20.2.2/lib/erlang/lib/cosEvent-2.2.2/ebin" type="simple" />
            <root url="file:///usr/local/Cellar/erlang/20.2.2/lib/erlang/lib/observer-2.6/ebin" type="simple" />
            <root url="file:///usr/local/Cellar/erlang/20.2.2/lib/erlang/lib/erts-9.2/ebin" type="simple" />
            <root url="file:///usr/local/Cellar/erlang/20.2.2/lib/erlang/lib/asn1-5.0.4/ebin" type="simple" />
            <root url="file:///usr/local/Cellar/erlang/20.2.2/lib/erlang/lib/xmerl-1.3.16/ebin" type="simple" />
            <root url="file:///usr/local/Cellar/erlang/20.2.2/lib/erlang/lib/erl_docgen-0.7.2/ebin" type="simple" />
            <root url="file:///usr/local/Cellar/erlang/20.2.2/lib/erlang/lib/mnesia-4.15.3/ebin" type="simple" />
            <root url="file:///usr/local/Cellar/erlang/20.2.2/lib/erlang/lib/edoc-0.9.2/ebin" type="simple" />
            <root url="file:///usr/local/Cellar/erlang/20.2.2/lib/erlang/lib/public_key-1.5.2/ebin" type="simple" />
            <root url="file:///usr/local/Cellar/erlang/20.2.2/lib/erlang/lib/common_test-1.15.3/ebin" type="simple" />
            <root url="file:///usr/local/Cellar/erlang/20.2.2/lib/erlang/lib/syntax_tools-2.1.4/ebin" type="simple" />
            <root url="file:///usr/local/Cellar/erlang/20.2.2/lib/erlang/lib/ssh-4.6.4/ebin" type="simple" />
            <root url="file:///usr/local/Cellar/erlang/20.2.2/lib/erlang/lib/stdlib-3.4.3/ebin" type="simple" />
            <root url="file:///usr/local/Cellar/erlang/20.2.2/lib/erlang/lib/eunit-2.3.5/ebin" type="simple" />
            <root url="file:///usr/local/Cellar/erlang/20.2.2/lib/erlang/lib/reltool-0.7.5/ebin" type="simple" />
            <root url="file:///usr/local/Cellar/erlang/20.2.2/lib/erlang/lib/erl_interface-3.10.1/ebin" type="simple" />
            <root url="file:///usr/local/Cellar/erlang/20.2.2/lib/erlang/lib/compiler-7.1.4/ebin" type="simple" />
            <root url="file:///usr/local/Cellar/erlang/20.2.2/lib/erlang/lib/orber-3.8.4/ebin" type="simple" />
            <root url="file:///usr/local/Cellar/erlang/20.2.2/lib/erlang/lib/os_mon-2.4.4/ebin" type="simple" />
            <root url="file:///usr/local/Cellar/erlang/20.2.2/lib/erlang/lib/snmp-5.2.9/ebin" type="simple" />
            <root url="file:///usr/local/Cellar/erlang/20.2.2/lib/erlang/lib/megaco-3.18.3/ebin" type="simple" />
            <root url="file:///usr/local/Cellar/erlang/20.2.2/lib/erlang/lib/cosProperty-1.2.3/ebin" type="simple" />
            <root url="file:///usr/local/Cellar/erlang/20.2.2/lib/erlang/lib/crypto-4.2/ebin" type="simple" />
            <root url="file:///usr/local/Cellar/erlang/20.2.2/lib/erlang/lib/tools-2.11.1/ebin" type="simple" />
            <root url="file:///usr/local/Cellar/erlang/20.2.2/lib/erlang/lib/inets-6.4.5/ebin" type="simple" />
            <root url="file:///usr/local/Cellar/erlang/20.2.2/lib/erlang/lib/debugger-4.2.4/ebin" type="simple" />
            <root url="file:///usr/local/Cellar/erlang/20.2.2/lib/erlang/lib/cosTime-1.2.3/ebin" type="simple" />
            <root url="file:///usr/local/Cellar/erlang/20.2.2/lib/erlang/lib/ic-4.4.3/ebin" type="simple" />
          </root>
        </classPath>
        <javadocPath>
          <root type="composite" />
        </javadocPath>
        <sourcePath>
          <root type="composite" />
        </sourcePath>
      </roots>
      <additional />
    </jdk>
    <jdk version="2">
      <name value="Elixir 1.5.3" />
      <type value="Elixir SDK" />
      <version value="Elixir 1.5.3" />
      <homePath value="/usr/local/Cellar/elixir/1.5.3_1" />
      <roots>
        <annotationsPath>
          <root type="composite" />
        </annotationsPath>
        <classPath>
          <root type="composite">
            <root url="file:///usr/local/Cellar/elixir/1.5.3_1/lib/logger/ebin" type="simple" />
            <root url="file:///usr/local/Cellar/elixir/1.5.3_1/lib/elixir/ebin" type="simple" />
            <root url="file:///usr/local/Cellar/elixir/1.5.3_1/lib/ex_unit/ebin" type="simple" />
            <root url="file:///usr/local/Cellar/elixir/1.5.3_1/lib/mix/ebin" type="simple" />
            <root url="file:///usr/local/Cellar/elixir/1.5.3_1/lib/eex/ebin" type="simple" />
            <root url="file:///usr/local/Cellar/elixir/1.5.3_1/lib/iex/ebin" type="simple" />
            <root url="file:///usr/local/Cellar/erlang/20.2.2/lib/erlang/lib/cosTransactions-1.3.3/ebin" type="simple" />
            <root url="file:///usr/local/Cellar/erlang/20.2.2/lib/erlang/lib/wx-1.8.3/ebin" type="simple" />
            <root url="file:///usr/local/Cellar/erlang/20.2.2/lib/erlang/lib/cosEventDomain-1.2.2/ebin" type="simple" />
            <root url="file:///usr/local/Cellar/erlang/20.2.2/lib/erlang/lib/kernel-5.4.1/ebin" type="simple" />
            <root url="file:///usr/local/Cellar/erlang/20.2.2/lib/erlang/lib/et-1.6.1/ebin" type="simple" />
            <root url="file:///usr/local/Cellar/erlang/20.2.2/lib/erlang/lib/cosNotification-1.2.3/ebin" type="simple" />
            <root url="file:///usr/local/Cellar/erlang/20.2.2/lib/erlang/lib/hipe-3.17/ebin" type="simple" />
            <root url="file:///usr/local/Cellar/erlang/20.2.2/lib/erlang/lib/otp_mibs-1.1.2/ebin" type="simple" />
            <root url="file:///usr/local/Cellar/erlang/20.2.2/lib/erlang/lib/runtime_tools-1.12.3/ebin" type="simple" />
            <root url="file:///usr/local/Cellar/erlang/20.2.2/lib/erlang/lib/parsetools-2.1.6/ebin" type="simple" />
            <root url="file:///usr/local/Cellar/erlang/20.2.2/lib/erlang/lib/sasl-3.1.1/ebin" type="simple" />
            <root url="file:///usr/local/Cellar/erlang/20.2.2/lib/erlang/lib/eldap-1.2.3/ebin" type="simple" />
            <root url="file:///usr/local/Cellar/erlang/20.2.2/lib/erlang/lib/dialyzer-3.2.3/ebin" type="simple" />
            <root url="file:///usr/local/Cellar/erlang/20.2.2/lib/erlang/lib/diameter-2.1.3/ebin" type="simple" />
            <root url="file:///usr/local/Cellar/erlang/20.2.2/lib/erlang/lib/cosFileTransfer-1.2.2/ebin" type="simple" />
            <root url="file:///usr/local/Cellar/erlang/20.2.2/lib/erlang/lib/ssl-8.2.3/ebin" type="simple" />
            <root url="file:///usr/local/Cellar/erlang/20.2.2/lib/erlang/lib/cosEvent-2.2.2/ebin" type="simple" />
            <root url="file:///usr/local/Cellar/erlang/20.2.2/lib/erlang/lib/observer-2.6/ebin" type="simple" />
            <root url="file:///usr/local/Cellar/erlang/20.2.2/lib/erlang/lib/erts-9.2/ebin" type="simple" />
            <root url="file:///usr/local/Cellar/erlang/20.2.2/lib/erlang/lib/asn1-5.0.4/ebin" type="simple" />
            <root url="file:///usr/local/Cellar/erlang/20.2.2/lib/erlang/lib/xmerl-1.3.16/ebin" type="simple" />
            <root url="file:///usr/local/Cellar/erlang/20.2.2/lib/erlang/lib/erl_docgen-0.7.2/ebin" type="simple" />
            <root url="file:///usr/local/Cellar/erlang/20.2.2/lib/erlang/lib/mnesia-4.15.3/ebin" type="simple" />
            <root url="file:///usr/local/Cellar/erlang/20.2.2/lib/erlang/lib/edoc-0.9.2/ebin" type="simple" />
            <root url="file:///usr/local/Cellar/erlang/20.2.2/lib/erlang/lib/public_key-1.5.2/ebin" type="simple" />
            <root url="file:///usr/local/Cellar/erlang/20.2.2/lib/erlang/lib/common_test-1.15.3/ebin" type="simple" />
            <root url="file:///usr/local/Cellar/erlang/20.2.2/lib/erlang/lib/syntax_tools-2.1.4/ebin" type="simple" />
            <root url="file:///usr/local/Cellar/erlang/20.2.2/lib/erlang/lib/ssh-4.6.4/ebin" type="simple" />
            <root url="file:///usr/local/Cellar/erlang/20.2.2/lib/erlang/lib/stdlib-3.4.3/ebin" type="simple" />
            <root url="file:///usr/local/Cellar/erlang/20.2.2/lib/erlang/lib/eunit-2.3.5/ebin" type="simple" />
            <root url="file:///usr/local/Cellar/erlang/20.2.2/lib/erlang/lib/reltool-0.7.5/ebin" type="simple" />
            <root url="file:///usr/local/Cellar/erlang/20.2.2/lib/erlang/lib/erl_interface-3.10.1/ebin" type="simple" />
            <root url="file:///usr/local/Cellar/erlang/20.2.2/lib/erlang/lib/compiler-7.1.4/ebin" type="simple" />
            <root url="file:///usr/local/Cellar/erlang/20.2.2/lib/erlang/lib/orber-3.8.4/ebin" type="simple" />
            <root url="file:///usr/local/Cellar/erlang/20.2.2/lib/erlang/lib/os_mon-2.4.4/ebin" type="simple" />
            <root url="file:///usr/local/Cellar/erlang/20.2.2/lib/erlang/lib/snmp-5.2.9/ebin" type="simple" />
            <root url="file:///usr/local/Cellar/erlang/20.2.2/lib/erlang/lib/megaco-3.18.3/ebin" type="simple" />
            <root url="file:///usr/local/Cellar/erlang/20.2.2/lib/erlang/lib/cosProperty-1.2.3/ebin" type="simple" />
            <root url="file:///usr/local/Cellar/erlang/20.2.2/lib/erlang/lib/crypto-4.2/ebin" type="simple" />
            <root url="file:///usr/local/Cellar/erlang/20.2.2/lib/erlang/lib/tools-2.11.1/ebin" type="simple" />
            <root url="file:///usr/local/Cellar/erlang/20.2.2/lib/erlang/lib/inets-6.4.5/ebin" type="simple" />
            <root url="file:///usr/local/Cellar/erlang/20.2.2/lib/erlang/lib/debugger-4.2.4/ebin" type="simple" />
            <root url="file:///usr/local/Cellar/erlang/20.2.2/lib/erlang/lib/cosTime-1.2.3/ebin" type="simple" />
            <root url="file:///usr/local/Cellar/erlang/20.2.2/lib/erlang/lib/ic-4.4.3/ebin" type="simple" />
          </root>
        </classPath>
        <javadocPath>
          <root type="composite">
            <root url="https://hexdoc.pm/logger" type="simple" />
            <root url="https://hexdoc.pm/elixir" type="simple" />
            <root url="https://hexdoc.pm/ex_unit" type="simple" />
            <root url="https://hexdoc.pm/mix" type="simple" />
            <root url="https://hexdoc.pm/eex" type="simple" />
            <root url="https://hexdoc.pm/iex" type="simple" />
          </root>
        </javadocPath>
        <sourcePath>
          <root type="composite" />
        </sourcePath>
      </roots>
      <additional erlang-sdk-name="Erlang for Elixir 20" />
    </jdk>
  </component>
</application>