<application>
  <component name="ProjectManager">
    <defaultProject>
      <component name="Encoding" addBOMForNewFiles="with NO BOM" />
      <component name="FileColors">
        <fileColor scope="Non-Project Files (Material Oceanic)" color="2E3C43" />
        <fileColor scope="Non-Project Files (Material Darker)" color="323232" />
        <fileColor scope="Non-Project Files (Material Lighter)" color="eae8e8" />
        <fileColor scope="Non-Project Files (Material Palenight)" color="2f2e43" />
      </component>
      <component name="PropertiesComponent">
        <property name="settings.editor.selected.configurable" value="org.jetbrains.plugins.scala.settings.ScalaProjectSettingsConfigurable" />
      </component>
      <component name="SbtLocalSettings">
        <option name="projectSyncType">
          <map>
            <entry key="$USER_HOME$/git/esweeney/avro-spark" value="PREVIEW" />
            <entry key="$USER_HOME$/git/esweeney/basketlake" value="PREVIEW" />
            <entry key="$USER_HOME$/git/esweeney/capture-to-kafka" value="PREVIEW" />
            <entry key="$USER_HOME$/git/esweeney/kafka-to-kafka" value="PREVIEW" />
            <entry key="$USER_HOME$/git/esweeney/kafkabridge" value="PREVIEW" />
            <entry key="$USER_HOME$/git/esweeney/lineitemjsonpath" value="PREVIEW" />
            <entry key="$USER_HOME$/git/esweeney/product-stream" value="PREVIEW" />
            <entry key="$USER_HOME$/git/esweeney/segmenter" value="PREVIEW" />
            <entry key="$USER_HOME$/git/esweeney/storestate" value="PREVIEW" />
            <entry key="$USER_HOME$/git/esweeney/thermolake" value="PREVIEW" />
            <entry key="$USER_HOME$/git/esweeney/uaconnector-example" value="PREVIEW" />
            <entry key="$USER_HOME$/git/esweeney/uaconnector-example/lib/uaconnector" value="PREVIEW" />
            <entry key="$USER_HOME$/git/microbits/actorama" value="PREVIEW" />
            <entry key="$USER_HOME$/git/microbits/adl-to-kafka" value="PREVIEW" />
            <entry key="$USER_HOME$/git/microbits/avro-spark" value="PREVIEW" />
            <entry key="$USER_HOME$/git/microbits/capture-to-kafka" value="PREVIEW" />
            <entry key="$USER_HOME$/git/microbits/json-spark" value="PREVIEW" />
            <entry key="$USER_HOME$/git/microbits/kafka-to-actor" value="PREVIEW" />
            <entry key="$USER_HOME$/git/microbits/kafka-to-adl" value="PREVIEW" />
            <entry key="$USER_HOME$/git/microbits/kafka-to-kafka" value="PREVIEW" />
            <entry key="$USER_HOME$/git/navicore/VCPR" value="PREVIEW" />
            <entry key="$USER_HOME$/git/navicore/akka-docker-dummy" value="PREVIEW" />
            <entry key="$USER_HOME$/git/navicore/akka-eventhubs" value="PREVIEW" />
            <entry key="$USER_HOME$/git/navicore/akka-eventhubs-example" value="PREVIEW" />
            <entry key="$USER_HOME$/git/navicore/akka-eventhubs-kafka" value="PREVIEW" />
            <entry key="$USER_HOME$/git/navicore/antlr4-demo" value="PREVIEW" />
            <entry key="$USER_HOME$/git/navicore/antlr4s-demo" value="PREVIEW" />
            <entry key="$USER_HOME$/git/navicore/avro-spark" value="PREVIEW" />
            <entry key="$USER_HOME$/git/navicore/category" value="PREVIEW" />
            <entry key="$USER_HOME$/git/navicore/dht22-temp-monitor-for-pi" value="PREVIEW" />
            <entry key="$USER_HOME$/git/navicore/ehtail" value="PREVIEW" />
            <entry key="$USER_HOME$/git/navicore/hello-mqtt" value="PREVIEW" />
            <entry key="$USER_HOME$/git/navicore/iot-server-demo" value="PREVIEW" />
            <entry key="$USER_HOME$/git/navicore/jni-example" value="PREVIEW" />
            <entry key="$USER_HOME$/git/navicore/keyvaultconfig" value="PREVIEW" />
            <entry key="$USER_HOME$/git/navicore/keyvaultconfigmap" value="PREVIEW" />
            <entry key="$USER_HOME$/git/navicore/mqtt-bridge" value="PREVIEW" />
            <entry key="$USER_HOME$/git/navicore/mqtt-kafka" value="PREVIEW" />
            <entry key="$USER_HOME$/git/navicore/navi-xml" value="PREVIEW" />
            <entry key="$USER_HOME$/git/navicore/naviblob" value="PREVIEW" />
            <entry key="$USER_HOME$/git/navicore/navijni.g8" value="PREVIEW" />
            <entry key="$USER_HOME$/git/navicore/navilake" value="PREVIEW" />
            <entry key="$USER_HOME$/git/navicore/navipath" value="PREVIEW" />
            <entry key="$USER_HOME$/git/navicore/naviql" value="PREVIEW" />
            <entry key="$USER_HOME$/git/navicore/navixml-lambda" value="PREVIEW" />
            <entry key="$USER_HOME$/git/navicore/pijvmpoc" value="PREVIEW" />
            <entry key="$USER_HOME$/git/navicore/pijvmpoc2" value="PREVIEW" />
            <entry key="$USER_HOME$/git/navicore/pinodepoc" value="PREVIEW" />
            <entry key="$USER_HOME$/git/navicore/pwm-led-example" value="PREVIEW" />
            <entry key="$USER_HOME$/git/navicore/resin.io/akka-dht22" value="PREVIEW" />
            <entry key="$USER_HOME$/git/navicore/scratch-cats" value="PREVIEW" />
            <entry key="$USER_HOME$/git/navicore/scratch/scala/cats" value="PREVIEW" />
            <entry key="$USER_HOME$/git/navicore/sjs-hello" value="PREVIEW" />
            <entry key="$USER_HOME$/git/navicore/sjs-http-demo" value="PREVIEW" />
            <entry key="$USER_HOME$/git/navicore/stsource" value="PREVIEW" />
            <entry key="$USER_HOME$/git/navicore/supersix-akka" value="PREVIEW" />
            <entry key="$USER_HOME$/git/navicore/supersix-http" value="PREVIEW" />
            <entry key="$USER_HOME$/git/navicore/supersix-jwt" value="PREVIEW" />
            <entry key="$USER_HOME$/git/navicore/twinning" value="PREVIEW" />
            <entry key="$USER_HOME$/git/navicore/ukanren" value="PREVIEW" />
            <entry key="$USER_HOME$/git/navicore/wait-time-api" value="PREVIEW" />
            <entry key="$USER_HOME$/git/navicore/wt-http" value="PREVIEW" />
            <entry key="$USER_HOME$/git/other/get-programming-with-scala" value="PREVIEW" />
            <entry key="$USER_HOME$/tmp/git/ukanren" value="PREVIEW" />
          </map>
        </option>
      </component>
      <component name="ScalaProjectSettings">
        <option name="intInjectionMapping">
          <map>
            <entry key="xml" value="XML" />
          </map>
        </option>
        <option name="scFileMode" value="Ammonite" />
      </component>
      <component name="ScalaSbtSettings">
        <option name="customVMEnabled" value="true" />
        <option name="customVMPath" value="/Library/Java/JavaVirtualMachines/jdk1.8.0_152.jdk/Contents/Home" />
      </component>
      <component name="masterDetails">
        <states>
          <state key="ProjectJDKs.UI">
            <settings>
              <last-edited>1.8</last-edited>
              <splitter-proportions>
                <option name="proportions">
                  <list>
                    <option value="0.2" />
                  </list>
                </option>
              </splitter-proportions>
            </settings>
          </state>
        </states>
      </component>
    </defaultProject>
  </component>
</application>